latency_ms,throughput_mbps,packet_loss_rate,tx_packets,rx_packets,jitter_ms,queue_delay_ms,target_cost
58.251,969.406,0.020592,46909,45943,3.568,0.427,105.7538
259.273,73.802,0.405666,4716,2802,37.765,163.161,1759.0054
21.995,823.082,0.012861,14512,14325,3.501,11.297,62.5014
33.935,847.399,0.003642,12146,12101,2.599,4.431,29.0282
15.353,992.804,0.013931,37141,36623,0.343,1.123,62.0898
51.285,890.35,0.019622,21315,20896,2.437,19.499,102.9018
364.077,56.025,0.798154,2446,493,50.0,182.343,3374.7154
49.339,945.864,0.003654,17578,17513,3.592,5.048,35.3612
49.304,663.231,0.001633,13829,13806,1.747,0.79,26.4116
10.342,835.103,0.011568,21302,21055,2.954,18.95,54.1988
53.829,861.905,0.007821,29087,28859,3.611,4.383,53.6922
117.119,177.298,0.055621,13747,12982,13.311,133.811,296.0938
473.721,36.166,0.464069,1800,964,50.0,188.871,2083.5386
124.438,145.449,0.031032,18545,17969,14.742,135.252,200.9536
29.028,783.56,0.008446,41829,41475,3.758,18.577,49.1106
6.585,810.678,0.01398,22145,21835,3.341,0.247,58.6034
11.275,439.206,0.005645,14943,14858,0.859,11.257,29.3414
101.083,253.016,0.17594,12722,10483,25.63,91.199,762.433
188.471,389.719,0.085549,14789,13523,31.79,112.8,440.1444
51.477,459.827,0.008127,9903,9822,2.862,19.384,56.9756
320.739,63.852,0.82066,4492,805,50.0,138.139,3438.5634
53.994,488.119,0.00243,46787,46673,0.633,14.391,34.1958
17.02,655.093,0.008382,7112,7052,2.419,6.972,41.7304
298.12,8.215,0.716623,563,159,50.0,184.078,3022.5556
59.024,862.705,0.007393,36444,36174,2.334,18.674,56.9164
15.123,933.619,0.017601,14897,14634,0.197,10.115,78.4762
277.16,45.561,0.616075,2505,961,40.436,110.431,2597.2502
52.602,658.042,0.015313,31131,30654,2.606,1.902,82.6732
263.533,215.389,0.081223,8519,7827,18.746,126.472,455.5996
251.48,222.092,0.095363,3789,3427,34.062,119.848,506.0136
50.853,769.391,0.019269,19238,18867,2.725,19.011,101.2194
44.161,624.376,0.013125,17665,17433,1.573,8.172,71.7988
438.849,40.352,0.845657,3369,519,50.0,125.277,3583.223
28.618,657.415,0.023737,29451,28751,5.037,17.84,109.9632
493.827,15.93,0.498871,1803,903,50.0,171.884,2227.3916
57.335,614.283,0.01337,9574,9445,5.074,6.356,77.6852
7.96,862.56,0.005677,30548,30374,1.626,4.948,26.8816
6.376,930.541,0.016779,24804,24387,3.31,2.334,70.1332
396.392,61.492,0.311388,3801,2617,50.0,118.221,1427.753
279.026,337.259,0.035375,2595,2503,35.307,60.633,265.237
56.985,439.959,0.007064,28607,28404,4.891,0.382,51.1264
16.809,512.291,0.002801,24340,24271,2.663,17.656,21.4588
269.07,165.223,0.079816,2406,2213,20.64,122.973,451.4866
46.627,718.62,0.003031,19828,19767,3.934,6.887,32.1522
6.606,768.464,0.00204,19076,19037,1.095,15.047,13.8118
176.015,398.321,0.17205,18878,15630,23.505,99.299,778.4658
33.616,714.471,0.003994,37124,36975,2.132,3.769,30.1762
184.729,292.986,0.038046,9004,8661,17.493,55.851,237.2458
392.843,74.84,0.561875,4520,1980,49.394,175.162,2439.6696
13.693,440.688,0.004794,14536,14466,3.772,15.309,27.715
47.851,464.063,0.001308,22489,22459,3.507,12.247,26.8218
118.415,257.12,0.041559,9060,8683,26.571,73.62,228.326
9.412,850.342,0.002846,40598,40482,2.445,3.844,15.9176
13.368,981.83,0.000694,5537,5533,1.298,3.014,8.726
226.739,343.305,0.054409,9818,9283,28.559,119.151,332.1618
20.143,898.81,0.014056,15159,14945,2.448,16.388,67.5588
191.394,173.15,0.05551,15352,14499,28.474,126.198,323.8372
21.238,986.767,0.012334,49944,49327,4.104,19.472,61.7256
47.891,528.591,0.004698,47702,47477,2.526,0.401,38.0286
59.93,683.262,0.013203,43640,43063,4.265,5.82,77.948
464.597,8.149,0.693731,4165,1275,50.0,162.993,2993.3614
161.085,182.629,0.035342,10095,9738,22.471,62.202,218.2424
11.281,865.068,0.0143,7726,7615,3.913,8.827,63.4778
115.25,203.596,0.041621,1610,1542,16.243,58.009,224.1858
52.833,597.136,0.004253,16435,16365,1.078,17.329,41.611
311.539,39.849,0.366014,2702,1713,40.832,168.131,1622.2978
289.031,395.633,0.099355,4503,4055,24.465,99.727,532.9778
36.491,820.313,0.002611,32063,31979,3.817,8.208,26.682
210.21,145.678,0.070636,11880,11040,31.424,115.154,389.6588
260.309,317.135,0.057103,6128,5778,36.049,103.713,353.2782
26.799,583.306,0.013954,11237,11080,0.273,9.536,68.4428
476.268,69.411,0.462334,507,272,50.0,142.2,2068.2832
58.377,671.707,0.001918,38573,38499,2.078,14.03,33.8288
25.725,974.011,0.005618,49293,49016,4.117,14.418,35.6456
15.032,573.757,0.007252,45812,45479,2.61,6.413,36.3034
291.666,309.773,0.058282,14712,13854,38.276,122.662,374.3268
221.772,318.273,0.072814,11324,10499,31.864,138.24,407.6128
469.985,49.538,0.537732,222,102,50.0,132.819,2365.4858
43.656,449.612,0.010695,11249,11128,4.911,18.383,63.919
14.925,576.26,0.001751,34223,34163,3.162,8.522,14.6784
24.774,937.301,0.005647,21268,21147,3.536,7.1,33.9176
42.658,649.378,0.012852,7022,6931,4.406,4.411,69.3534
18.732,826.837,0.00849,37077,36762,0.898,12.648,43.9824
14.977,485.951,0.018311,7009,6880,0.609,10.61,81.3568
298.852,16.03,0.93595,570,36,50.0,166.786,3896.698
5.755,816.277,0.001487,18697,18669,3.758,4.238,9.0976
32.74,651.877,0.004969,45288,45062,3.326,17.555,36.483
21.625,824.811,0.002332,46803,46693,4.559,9.818,19.9416
58.125,588.042,0.005901,28067,27901,4.809,12.347,49.3234
24.341,746.751,0.001941,12092,12068,1.994,11.125,19.7254
12.001,652.268,0.013131,45338,44742,2.966,8.122,58.9488
9.343,941.666,0.009987,42452,42028,3.481,12.405,46.1662
51.147,735.007,0.026401,15284,14880,3.039,9.386,127.94
296.387,394.284,0.096815,3398,3069,24.724,113.066,528.428
255.255,289.835,0.130804,1912,1661,18.843,86.419,642.6018
467.717,72.879,0.409923,2403,1417,50.0,176.196,1862.018
361.316,38.804,0.313739,3692,2533,50.0,120.134,1423.5092
364.051,29.571,0.560645,1413,620,50.0,197.71,2427.7424
126.11,137.984,0.074634,1452,1343,21.007,61.607,361.3014
479.179,30.192,0.923059,542,41,50.0,106.2,3905.1476
44.805,793.938,0.013348,27925,27552,1.999,13.121,73.9382
430.008,48.457,0.833366,4145,690,50.0,176.168,3540.7008
45.805,747.179,0.009086,43514,43118,3.725,16.709,58.0078
137.125,251.3,0.077986,16809,15498,21.706,67.991,380.3922
176.082,396.576,0.034374,15443,14912,31.676,119.539,231.8366
16.766,859.425,0.019231,34327,33666,4.967,0.004,83.6312
99.365,339.269,0.054562,6788,6417,12.318,103.02,278.598
24.898,950.347,0.000635,18248,18236,3.112,2.997,13.0986
227.743,241.647,0.097298,6612,5968,27.924,71.295,494.5482
27.794,777.859,0.001621,20989,20954,1.016,13.752,20.352
13.799,418.684,0.010269,13272,13135,0.474,15.57,49.7096
33.034,693.908,0.007747,26708,26501,3.699,19.598,48.1212
36.07,596.099,0.015884,30747,30258,5.216,15.057,80.9754
169.179,326.451,0.058192,2816,2652,21.157,119.075,324.2546
11.616,854.313,0.002442,33533,33451,1.126,16.451,17.7046
48.53,632.856,0.01272,39168,38669,3.653,5.47,71.386
57.1,520.511,0.005713,37178,36965,5.41,15.639,48.8198
127.712,280.815,0.066334,715,667,16.28,104.734,337.3676
27.594,924.164,0.017088,8371,8227,5.118,12.008,81.7912
29.674,653.129,0.005536,34041,33852,4.337,17.119,37.4374
25.148,629.713,0.00639,29311,29123,2.112,15.262,38.6716
324.8,53.354,0.870555,4702,608,50.0,171.435,3646.427
52.05,459.613,0.008924,28506,28251,0.823,5.518,57.6196
278.492,18.135,0.693387,3994,1224,46.303,134.032,2911.7512
59.094,810.034,0.005928,18369,18260,4.359,0.646,47.4788
155.414,276.118,0.049663,18472,17554,21.676,80.408,276.8992
45.314,926.731,0.007484,41154,40846,0.997,12.911,50.6438
40.585,426.578,0.015946,26731,26304,5.234,8.609,81.7398
36.639,454.05,0.007236,8231,8171,3.107,5.251,44.6498
294.685,188.048,0.060514,2336,2194,37.903,86.106,377.1512
51.637,606.331,0.022035,36265,35465,2.014,15.317,111.8582
436.303,61.479,0.891814,1571,169,50.0,199.8,3781.7372
50.77,548.955,0.000794,9982,9974,3.28,3.57,24.198
91.465,375.873,0.073491,1991,1844,9.68,100.454,350.6408
19.757,839.841,0.006157,31230,31037,5.009,5.437,33.6182
58.015,592.701,0.007903,7444,7385,5.146,3.501,55.5182
296.798,14.807,0.822921,4958,877,47.82,167.341,3443.8714
31.165,964.401,0.006399,48097,47789,4.694,3.623,38.7866
20.715,563.029,0.003734,20155,20079,2.122,3.056,23.8332
7.503,908.951,0.004491,49949,49724,1.582,1.73,21.3112
365.856,37.919,0.315272,1370,938,50.0,173.878,1442.206
30.906,992.42,0.000743,19138,19123,0.508,1.209,15.5762
434.704,53.774,0.722081,1447,402,50.0,112.825,3084.7706
38.929,551.645,0.000989,8564,8555,4.646,18.647,23.257
37.038,488.856,0.002266,7614,7596,4.865,4.202,24.7196
202.467,351.126,0.04449,4906,4687,21.373,88.908,276.7284
298.228,194.175,0.036678,10726,10332,31.762,141.039,294.211
34.867,794.866,0.004019,31102,30977,4.993,5.986,31.22
42.035,990.499,0.001442,12161,12143,1.664,3.804,23.3428
48.331,775.035,0.008509,22408,22217,4.616,1.428,53.654
318.444,50.247,0.504323,556,275,50.0,172.241,2179.1178
439.755,70.704,0.457184,2286,1240,50.0,153.241,2035.2862
31.117,736.801,0.008724,27675,27433,2.54,18.09,50.9608
33.093,433.263,0.019103,11743,11518,4.802,13.482,92.3456
12.346,491.911,0.009231,40994,40615,4.687,15.147,44.8918
115.597,210.749,0.067748,15696,14632,26.217,137.42,344.7148
355.768,60.519,0.867696,1536,203,50.0,142.602,3641.6116
10.359,795.346,3.6e-05,24135,24134,2.842,7.478,5.7832
454.781,39.103,0.38563,2866,1760,50.0,104.468,1745.326
20.004,943.184,0.002023,19551,19511,4.284,17.693,19.6322
130.535,194.094,0.070343,975,906,26.127,123.618,358.3096
50.284,444.25,0.015516,49571,48801,3.09,2.567,82.691
14.309,609.83,0.007641,33866,33607,0.367,16.363,39.5602
12.381,702.528,0.00175,35075,35013,3.365,14.372,14.8268
185.376,64.028,0.0747,12211,11298,16.118,55.503,384.051
15.315,958.13,0.005361,27146,27000,0.692,8.289,29.2278
17.333,991.08,0.015902,28651,28195,2.943,7.378,72.0168
250.617,100.153,0.077005,4848,4474,21.635,53.655,418.9978
18.335,801.9,0.005574,32086,31907,1.835,9.448,31.5196
203.118,85.831,0.067531,9782,9121,26.638,67.127,364.7966
46.701,427.533,0.010575,28430,28129,4.94,19.102,64.8008
93.526,126.164,0.038223,506,486,24.818,116.088,213.52
50.768,699.025,0.00994,36621,36256,5.409,4.875,61.0422
47.962,561.259,0.023073,42791,41803,3.617,9.923,113.4614
239.544,147.481,0.080602,13614,12516,24.099,116.668,441.5592
47.147,478.629,0.009017,45942,45527,4.517,3.311,55.589
450.597,4.383,0.727517,3547,966,50.0,167.756,3123.858
428.342,52.829,0.663845,2432,817,50.0,188.578,2864.4324
419.652,4.713,0.972786,1496,40,49.523,105.85,4080.1748
495.949,9.981,0.559336,1590,700,50.0,122.152,2460.154
42.466,482.48,0.014801,36175,35639,2.812,3.989,76.9882
414.502,26.354,0.330693,3721,2490,50.0,173.155,1523.2038
122.477,58.295,0.032862,4490,4342,25.285,61.998,192.8384
476.092,10.079,0.656229,2921,1004,50.0,172.462,2849.8452
32.477,756.358,0.003235,28947,28853,3.057,3.455,26.6218
38.046,876.77,0.017789,22335,21937,1.219,13.712,89.1168
10.554,571.656,0.00893,30103,29834,3.379,11.44,42.2296
25.272,849.407,0.004026,29344,29225,0.794,4.676,27.148
22.768,777.499,0.000862,18023,18007,2.03,1.042,12.7636
30.317,583.115,0.01694,9549,9387,5.138,5.582,81.0032
8.804,908.673,0.009195,24846,24617,1.298,13.173,42.9362
48.137,879.293,0.002638,30398,30317,2.564,15.762,32.9592
358.09,64.508,0.517071,4953,2391,48.242,166.552,2244.8304
378.281,52.136,0.550421,4791,2153,50.0,177.55,2388.5064
23.204,655.822,0.00333,17215,17157,3.434,8.643,24.3302
17.656,532.13,0.000661,7058,7053,4.475,1.417,9.9898
228.127,292.628,0.141551,3021,2593,18.594,77.594,672.9736
56.724,820.418,0.002082,9180,9160,5.251,9.464,32.9104
260.11,27.34,0.624467,1846,693,50.0,171.364,2636.1848
333.915,23.971,0.530033,868,407,50.0,178.919,2289.4818
356.526,37.404,0.586267,4085,1690,50.0,138.237,2515.3258
26.355,421.191,0.008962,19572,19396,3.695,12.766,48.9432
275.908,100.729,0.120973,4969,4367,27.95,69.415,608.1382
22.924,568.18,0.013454,18094,17850,3.19,10.913,65.1682
20.024,852.966,0.001582,49465,49386,3.166,10.539,16.4454
10.848,938.126,0.003364,31818,31710,0.643,12.217,20.2386
16.585,605.728,0.004858,21457,21352,4.693,16.922,29.4504
412.156,51.979,0.605052,4422,1746,50.0,130.092,2611.0888
131.807,207.842,0.044973,3309,3160,11.797,63.32,245.2788
5.07,631.562,0.010455,40784,40357,1.927,16.576,47.1632
31.517,861.203,0.002352,42756,42655,0.804,2.678,22.5504
22.824,789.146,0.015866,10976,10801,0.799,8.988,74.3912
295.861,45.489,0.575486,367,155,47.058,187.054,2457.6992
8.314,936.531,0.019323,16795,16470,3.928,15.317,83.681
220.063,203.996,0.073946,15909,14732,21.208,120.596,407.9284
160.43,266.697,0.078121,2695,2484,24.237,127.358,402.1276
27.057,435.181,0.002727,32722,32632,3.754,14.61,24.6528
49.743,505.053,0.011801,46401,45853,1.409,2.697,67.6406
433.58,76.592,0.698411,1741,525,50.0,180.156,3003.1072
312.163,34.219,0.697975,4523,1366,42.652,104.509,2937.667
279.436,24.394,0.562122,2418,1058,50.0,179.12,2396.0864
22.688,562.261,0.000258,23411,23404,0.52,19.831,14.0734
27.64,697.281,0.010414,7404,7326,2.551,6.29,53.97
28.753,846.753,0.00976,41804,41395,3.096,13.4,53.2212
190.824,375.614,0.146164,17880,15266,23.2,76.041,676.1938
458.738,59.995,0.8758,4624,574,50.0,158.568,3718.4088
53.097,784.946,0.018759,44997,44152,3.781,8.802,98.0352
23.673,599.841,0.002018,38420,38342,1.206,15.525,20.6462
298.08,306.717,0.071792,3711,3444,28.953,74.051,421.2102
295.313,88.394,0.102257,19838,17809,27.651,81.813,543.5158
469.57,16.868,0.653374,2617,907,50.0,194.541,2840.2322
112.548,348.831,0.062837,12013,11258,16.789,94.558,315.2788
275.298,66.516,0.39607,919,555,48.867,121.024,1718.604
48.38,746.833,0.015382,7189,7078,1.958,6.374,82.1548
49.11,895.362,0.00847,10365,10277,3.119,10.563,55.6366
26.919,660.695,0.006332,17983,17869,2.708,13.045,38.7046
225.661,221.588,0.054416,18411,17409,16.636,126.396,333.2076
455.577,62.65,0.582668,3333,1390,50.0,175.781,2548.059
56.763,659.109,0.007382,45541,45204,2.045,4.929,53.219
7.797,959.429,0.00644,42530,42256,2.829,1.458,29.1704
127.425,338.431,0.118016,5282,4658,11.947,147.613,552.5566
138.027,159.554,0.126561,5456,4765,23.015,142.285,589.9118
148.919,392.481,0.075764,9125,8433,24.705,126.156,387.8548
36.932,990.13,0.00038,25557,25547,2.551,19.685,20.2298
282.422,121.89,0.142265,3474,2979,22.032,124.62,706.9528
395.887,77.73,0.668211,4685,1554,50.0,192.041,2869.607
281.781,56.892,0.39057,4214,2568,50.0,111.806,1697.3536
13.158,475.715,0.007437,29962,29739,5.105,10.611,37.1334
7.624,459.385,0.003594,46278,46111,0.558,14.892,20.404
285.535,47.17,0.334056,2509,1670,50.0,121.558,1474.7496
22.836,860.988,0.000318,31290,31280,1.567,4.22,11.2504
7.167,697.813,0.019198,12237,12002,4.248,13.38,82.3348
292.039,11.523,0.478888,744,387,43.761,195.216,2071.4108
179.758,398.337,0.077808,11097,10233,19.135,128.073,408.7498
20.92,471.991,0.00721,39903,39615,3.728,10.005,39.209
194.986,286.782,0.040055,3833,3679,29.578,139.243,266.063
231.637,322.94,0.03781,11426,10993,30.219,90.061,261.907
21.135,624.905,0.001675,16800,16771,1.061,1.579,15.4698
40.834,592.188,0.002863,40256,40140,3.074,12.539,30.2934
205.959,332.914,0.034832,16974,16382,31.527,116.739,245.0594
324.909,46.956,0.697304,273,82,50.0,115.369,2942.2534
276.253,237.939,0.043418,2335,2233,35.515,79.934,300.16
40.953,815.661,0.001964,31569,31506,3.84,18.462,27.9296
34.972,532.264,0.004462,27298,27176,1.739,4.306,32.698
9.043,560.783,0.005793,10997,10933,0.116,6.165,28.0222
21.517,742.292,0.011694,26279,25971,4.18,3.458,56.0744
12.298,535.715,0.024744,12903,12583,5.064,8.446,105.5844
52.896,771.826,0.003194,21733,21663,3.863,17.978,37.53
27.506,741.642,0.015241,16819,16562,4.17,9.752,73.9168
264.963,168.703,0.055402,13265,12530,21.996,61.684,339.93
134.196,147.207,0.131734,12550,10896,28.137,52.107,591.0358
473.817,56.264,0.833726,4418,734,50.0,187.672,3561.9652
9.929,732.532,0.004801,5808,5780,1.559,7.756,24.7268
49.133,920.93,0.001671,14283,14259,4.363,16.93,29.7232
18.565,736.821,0.002796,31175,31087,1.996,19.947,22.5994
33.353,596.78,0.01389,24610,24268,3.302,10.146,70.9304
223.847,233.092,0.097934,2860,2579,16.93,64.159,494.1066
53.555,500.086,0.002656,15366,15325,3.205,11.998,34.4456
55.991,991.377,0.01355,34985,34510,4.998,8.551,78.3066
298.63,251.084,0.0696,1636,1522,33.243,147.802,427.4124
57.36,540.921,0.012094,45060,44515,4.822,1.457,71.6114
93.174,120.227,0.082062,10339,9490,26.541,91.026,383.7228
8.129,899.018,0.000375,45305,45288,3.052,7.69,6.2896
44.665,570.952,0.026169,24768,24119,1.474,12.139,124.9698
6.71,642.635,0.003677,35280,35150,0.577,15.876,20.5672
252.116,157.898,0.086581,3344,3054,27.547,73.764,461.9232
7.981,711.064,0.008433,8382,8311,1.098,10.984,39.1212
50.855,582.325,0.001409,26118,26081,2.833,8.843,27.7466
38.564,656.9,0.005011,8890,8845,3.236,10.646,37.5988
52.708,789.647,0.003548,11527,11486,5.046,9.693,37.2138
43.922,715.237,0.016411,15444,15190,2.519,10.741,85.361
259.061,256.84,0.099927,18343,16510,31.836,67.309,516.7942
195.079,194.211,0.109996,6398,5694,29.098,111.205,540.2566
461.133,49.747,0.49772,716,359,50.0,112.91,2197.9152
12.442,648.136,0.010181,18233,18047,4.537,1.804,46.0616
34.583,990.298,0.000592,8230,8225,1.295,8.791,17.9594
56.344,941.491,0.008283,26197,25980,3.606,11.263,57.9222
412.741,9.98,0.508573,52,25,50.0,198.295,2239.0474
15.576,441.733,0.005701,20256,20140,4.488,7.603,30.555
470.775,0.156,0.59898,434,174,50.0,132.3,2610.69
422.952,69.502,0.976063,4940,118,50.0,130.28,4099.4888
37.097,966.581,0.001301,14881,14861,1.058,4.006,20.844
24.925,492.867,0.012593,32758,32345,3.073,12.238,62.7896
409.036,73.681,0.834158,4821,799,50.0,153.547,3530.9558
6.906,570.689,0.000491,5430,5427,1.571,4.438,5.614
375.441,43.732,0.354711,2274,1467,50.0,109.841,1590.9886
19.823,424.139,0.011239,23229,22967,1.106,11.707,55.2266
39.53,625.103,0.000472,31401,31386,2.973,5.565,18.813
31.16,490.517,0.002098,27507,27449,5.224,1.687,21.1934
234.277,109.065,0.062524,3418,3204,35.875,67.012,357.2092
5.45,464.498,0.002626,31427,31344,1.884,8.012,14.2864
447.397,26.214,0.337281,2304,1526,50.0,185.15,1565.1128
48.411,703.966,0.0085,31363,31096,0.896,10.731,55.5106
57.145,950.923,0.008256,13598,13485,1.627,0.438,55.9696
55.703,600.634,0.014749,12899,12708,4.906,4.534,82.184
400.4,32.69,0.384606,4693,2888,50.0,152.278,1729.0396
20.207,753.752,0.009585,17721,17551,1.683,7.218,47.8664
53.523,505.473,0.015132,23970,23607,4.919,0.185,81.9742
22.263,531.14,0.01257,17462,17242,2.718,3.993,59.9838
18.231,649.941,0.01764,9435,9268,4.949,10.882,80.0288
329.06,31.349,0.534294,4694,2186,50.0,199.026,2308.6052
485.482,33.415,0.607077,4584,1801,50.0,113.895,2645.2798
247.865,89.103,0.031322,6934,6716,19.55,129.306,250.2952
48.822,909.68,0.002881,47463,47326,2.354,18.989,34.8506
389.742,62.306,0.91041,4796,429,50.0,142.342,3826.0052
42.937,610.928,0.001719,28809,28759,2.995,14.998,27.0504
7.863,633.462,0.004985,35911,35731,4.708,8.708,24.8268
158.89,144.393,0.110484,9694,8622,15.675,135.165,532.525
27.138,563.348,0.007811,33313,33052,3.944,12.074,44.514
275.129,23.532,0.674258,3211,1045,42.906,167.139,2840.5114
449.04,56.592,0.692731,1024,314,50.0,108.515,2972.243
39.739,887.585,0.004779,7402,7366,3.155,10.869,37.1854
54.096,916.264,0.009486,38944,38574,2.864,11.148,61.812
45.901,404.268,0.00664,18462,18339,3.898,6.318,46.184
36.566,717.676,0.003893,12434,12385,0.495,3.721,30.9426
285.673,5.118,0.579466,2032,854,50.0,191.03,2470.3392
248.082,249.099,0.063141,15895,14891,26.922,135.435,378.8838
26.234,798.213,0.023343,43678,42658,1.922,2.007,104.267
254.945,22.491,0.944979,2941,161,42.099,181.628,3918.2196
30.105,950.819,0.013278,38103,37597,2.286,18.461,68.8462
38.31,482.298,0.020243,12715,12457,1.797,15.695,99.435
416.805,11.919,0.809505,741,141,50.0,166.45,3438.032
35.931,980.672,0.013591,18325,18075,2.011,1.581,69.0526
50.484,709.168,0.000746,14215,14204,2.892,18.717,26.921
37.586,593.383,0.003318,42345,42204,3.428,7.58,29.8224
10.057,532.719,0.003596,19316,19246,4.852,12.366,20.88
81.865,73.783,0.058504,12018,11314,13.482,78.33,282.428
45.595,584.506,0.005519,7877,7833,5.062,17.946,43.9032
361.156,19.452,0.857918,505,71,48.361,158.452,3607.8248
386.106,63.067,0.756426,2838,691,50.0,178.156,3215.7776
46.139,434.299,0.007761,15317,15198,0.746,10.157,51.531
6.798,534.906,0.00202,37460,37384,2.817,2.264,11.252
206.713,98.065,0.075902,19934,18420,18.805,56.322,397.5576
286.852,24.694,0.54003,3031,1394,50.0,151.768,2305.2144
16.754,683.912,0.022577,46480,45430,3.264,1.868,97.3832
59.778,680.089,0.013779,30771,30347,3.125,19.334,82.894
39.708,781.511,0.007218,25293,25110,4.942,9.633,46.6818
53.168,872.152,0.007343,7779,7721,4.921,4.914,51.622
13.673,454.841,0.002853,45968,45836,0.437,7.11,18.3032
130.112,132.991,0.08076,2909,2674,20.925,98.441,394.773
468.424,48.343,0.372899,423,265,50.0,143.783,1707.7222
24.795,561.86,0.003176,41355,41223,2.81,2.066,23.0352
29.301,823.4,0.014437,14768,14554,3.021,16.692,72.8068
15.983,624.292,0.021074,14678,14368,4.504,16.403,93.9698
480.564,48.703,0.302995,88,61,50.0,141.316,1432.4688
26.902,889.244,0.017045,23750,23345,2.054,15.617,82.0642
360.02,74.483,0.642679,3425,1223,50.0,114.435,2737.611
196.802,153.806,0.075709,19349,17884,30.73,128.769,407.3106
38.295,669.502,0.001188,49829,49769,4.383,17.252,23.5204
52.899,960.915,0.013378,40342,39802,1.414,11.952,77.062
28.816,410.135,0.008833,45524,45121,0.604,14.919,49.8422
44.338,873.446,0.001087,32413,32377,3.162,15.814,25.246
12.608,696.11,0.016912,44086,43340,0.444,7.632,74.2176
450.442,33.073,0.586517,3768,1558,50.0,151.616,2556.568
28.924,978.531,0.004616,30752,30610,3.793,14.707,32.975
36.918,972.539,0.02166,42464,41544,3.628,6.431,102.6934
128.919,349.885,0.047327,4766,4540,31.068,92.481,259.3718
26.291,713.549,0.014292,42533,41925,4.671,9.525,69.5894
375.66,1.493,0.760778,4366,1044,50.0,101.897,3213.7554
57.971,519.375,0.006043,23652,23509,2.355,13.464,50.0532
146.406,331.444,0.059439,13682,12868,17.346,101.537,316.6258
13.655,761.212,0.009816,26641,26379,3.738,9.63,46.652
48.285,533.942,0.013062,24301,23983,1.12,14.577,74.4774
52.308,834.53,0.020193,5912,5792,1.845,2.472,102.1896
13.133,757.029,0.002588,10703,10675,2.072,7.947,17.1946
30.589,572.579,0.015851,43507,42817,1.802,19.241,79.4878
13.641,460.755,0.004791,40397,40203,1.463,5.63,25.7464
53.0,744.439,0.006667,8367,8311,1.792,17.234,51.3148
48.071,969.547,0.001197,41082,41032,3.551,13.691,26.7546
216.349,245.142,0.158299,11936,10046,16.552,135.383,746.8122
35.713,734.885,0.006973,49203,48859,2.651,13.305,44.8382
56.518,484.386,0.014841,16002,15764,3.746,19.262,85.8236
46.812,793.305,0.001217,41944,41892,4.268,8.978,25.3884
266.365,2.313,0.743479,162,41,45.73,196.347,3119.7314
499.601,60.191,0.817875,2149,391,50.0,129.947,3497.3298
303.285,38.46,0.837844,2725,441,50.0,137.591,3500.2082
376.516,36.973,0.351237,3793,2460,50.0,174.596,1590.4736
58.692,865.124,0.014818,26739,26342,0.776,1.465,83.0418
50.191,802.015,0.01511,27969,27546,1.785,2.161,80.9486
277.61,4.796,0.561085,4167,1828,49.615,104.773,2376.3386
39.851,996.519,0.01358,28140,27757,2.981,0.194,70.2992
191.231,348.006,0.072479,8919,8272,14.846,61.155,378.6394
373.209,56.324,0.724219,68,18,50.0,182.112,3082.582
148.546,176.899,0.076635,10483,9679,13.002,131.457,392.2498
19.361,644.281,0.004164,12668,12615,4.208,19.134,28.2272
56.498,621.443,0.0118,35044,34630,3.739,13.946,72.5884
50.764,680.835,0.010547,32259,31918,4.618,15.885,65.6706
57.183,969.219,0.015622,45067,44362,1.676,11.311,87.6234
23.681,865.359,0.004038,36586,36438,0.818,1.351,25.8946
208.746,222.935,0.115042,5547,4908,20.691,145.603,572.787
458.129,65.731,0.663773,1949,655,50.0,177.575,2873.8586
44.022,650.616,0.007534,45509,45166,2.741,13.792,50.5032
45.449,923.645,0.004656,45540,45327,2.235,15.579,39.9194
11.636,515.551,0.001358,17133,17109,1.074,14.772,13.0408
23.046,712.205,0.002658,10959,10929,4.725,8.91,21.6324
34.901,411.718,0.003267,36763,36642,2.069,11.313,29.291
487.505,11.22,0.874299,1331,167,50.0,101.807,3712.5594
148.503,362.285,0.078082,13342,12300,16.005,109.612,393.6516
276.917,302.491,0.08791,11172,10189,23.447,61.013,474.6094
26.214,910.403,0.00964,12409,12289,0.925,14.528,51.9512
35.441,606.254,0.020191,34736,34034,1.709,5.028,95.946
9.244,906.657,0.000682,39506,39479,0.281,6.735,7.7726
26.777,889.872,0.009562,27579,27315,3.77,10.823,51.1234
445.506,43.003,0.596627,4557,1838,50.0,100.1,2584.7304
282.6,107.06,0.045121,18806,17957,31.399,133.142,320.1524
179.722,60.592,0.074119,6096,5644,19.631,84.862,385.3372
54.028,767.591,0.010044,40905,40494,2.77,3.183,62.4238
27.853,520.477,0.011429,15783,15602,1.563,16.494,60.156
43.755,788.579,0.010166,17681,17501,1.908,3.549,58.8758
350.078,66.087,0.304708,91,63,45.587,103.002,1379.4636
427.846,76.784,0.883157,2961,345,50.0,179.976,3739.7616
59.366,834.498,0.007193,27321,27124,3.62,12.277,54.9738
264.363,41.483,0.420278,3375,1956,49.838,198.96,1826.6492
43.864,735.415,0.00726,40626,40331,2.177,14.648,49.5152
31.347,452.633,0.005557,39459,39239,1.559,19.882,38.7432
41.494,426.089,0.00318,45498,45353,1.771,9.299,31.1774
197.367,390.789,0.09401,15844,14354,16.814,81.039,471.1946
18.594,996.721,0.001776,30501,30446,3.593,6.242,15.79
29.072,646.515,0.013412,23673,23355,4.053,15.676,68.412
40.232,957.14,0.004455,9675,9631,0.798,6.873,35.2874
408.792,78.371,0.795428,2246,459,50.0,198.302,3384.8892
96.042,249.971,0.049376,5377,5111,22.859,50.087,245.9382
406.309,64.673,0.454803,4055,2210,50.0,103.68,2002.4716
39.377,756.284,0.006028,30932,30745,2.055,12.404,42.3436
37.827,501.026,0.021183,38712,37891,5.306,13.586,102.58
16.723,559.12,0.008544,29217,28967,1.592,8.764,42.618
143.218,66.636,0.154327,3513,2970,26.515,107.819,696.159
40.168,415.006,0.005806,49348,49061,4.105,10.907,41.4726
52.065,413.021,0.009494,41284,40892,3.077,11.413,61.0846
179.654,152.026,0.080718,10874,9996,19.977,129.435,420.6206
439.339,35.996,0.865484,2806,377,50.0,187.134,3675.0984
6.003,585.32,0.01879,17583,17252,1.193,2.751,78.1114
163.806,392.133,0.120558,1847,1624,24.8,76.029,562.9602
461.46,69.35,0.386558,776,476,50.0,128.412,1756.4984
35.25,574.217,0.007442,46792,46443,1.223,7.23,45.314
11.432,623.984,0.002132,42670,42579,2.033,3.715,13.8438
122.222,135.955,0.103112,14791,13265,19.551,140.566,489.45
22.102,905.708,0.010393,19939,19731,0.893,19.484,54.3096
35.32,630.152,0.015023,9575,9431,1.734,15.8,77.38
429.72,70.39,0.664329,4440,1490,50.0,109.282,2851.0604
59.997,994.217,0.018468,13995,13736,1.039,7.644,99.3996
233.358,223.715,0.105452,10106,9040,24.999,118.24,538.7992
430.834,16.79,0.463606,4818,2584,50.0,175.762,2061.91
16.767,648.921,0.004404,32534,32390,2.115,15.396,27.402
463.943,31.734,0.307516,949,657,50.0,113.648,1438.3708
24.31,974.934,0.014973,21775,21448,1.229,12.048,72.0256
110.449,167.225,0.061583,19509,18307,27.945,120.284,314.5684
28.472,799.065,0.009194,9399,9312,0.741,1.707,48.5062
294.188,84.54,0.044823,12508,11947,33.672,68.513,310.6698
223.843,214.927,0.169461,4777,3967,16.479,113.266,790.0344
13.203,454.05,0.009852,24400,24159,1.453,1.002,44.8896
404.892,61.128,0.737744,4752,1246,50.0,197.453,3152.4234
50.414,813.757,0.010316,42767,42325,2.412,15.602,64.55
36.955,595.262,0.011716,20541,20300,1.717,19.171,65.4802
39.707,506.095,0.005479,10769,10709,1.044,8.674,39.5336
11.343,844.468,0.00014,14835,14832,1.008,19.207,8.9386
352.407,18.626,0.576778,4441,1879,44.796,167.044,2481.4836
44.635,763.083,0.011825,6859,6777,0.852,18.971,68.9482
24.786,793.011,0.024844,31177,30402,2.013,7.903,110.871
22.937,565.72,0.00256,45832,45714,3.167,15.634,22.5416
23.232,542.548,0.004152,6325,6298,1.922,15.873,29.0754
18.065,429.781,0.009332,24303,24076,4.3,12.502,47.0544
282.284,33.473,0.8202,3196,574,50.0,186.57,3431.0276
88.324,186.669,0.04457,621,593,19.724,143.991,242.4078
349.022,69.593,0.698372,4056,1223,48.888,119.377,2956.9722
317.084,32.076,0.94483,4793,264,50.0,120.72,3930.2976
41.486,963.358,0.004131,41256,41085,1.192,5.635,34.2454
335.33,40.402,0.359664,3060,1959,50.0,141.501,1601.0882
12.72,495.533,0.006794,14581,14481,3.807,9.67,34.198
210.406,342.661,0.07675,6992,6455,29.778,117.087,414.5798
39.953,816.06,0.008921,25616,25387,4.609,12.388,54.1428
33.416,625.797,0.014379,27612,27214,2.768,9.642,72.8108
31.502,883.893,0.013024,9934,9804,1.019,19.33,68.5628
109.03,326.272,0.049177,9941,9452,25.846,54.732,251.2664
306.407,55.164,0.970443,2057,60,46.403,132.922,4030.9192
38.091,411.957,0.008087,13551,13441,2.085,3.549,48.2942
226.022,284.051,0.080792,2229,2048,34.373,103.503,434.2774
27.539,593.214,0.000881,37106,37073,2.904,14.026,17.3448
26.815,543.599,0.005943,47514,47231,2.064,5.231,35.5442
41.711,451.424,0.004028,43648,43472,1.555,1.22,33.0404
28.897,672.023,0.010782,16511,16332,0.886,14.158,57.5184
13.026,500.324,0.004946,28666,28524,1.389,4.932,25.9808
30.559,706.247,0.005027,45241,45013,3.726,15.144,35.3604
474.875,4.15,0.467736,4900,2608,50.0,149.298,2090.7536
387.946,41.707,0.829932,1320,224,46.855,189.032,3512.7128
28.186,900.947,0.014508,7638,7527,4.053,18.992,73.1048
347.485,25.603,0.588976,2665,1095,50.0,194.158,2533.7296
366.163,66.35,0.502475,1381,687,44.312,193.351,2195.0354
41.668,983.964,0.003284,23094,23018,3.34,7.916,31.3864
488.159,26.42,0.740888,4949,1282,50.0,157.388,3190.2932
388.227,2.565,0.782317,4012,873,46.998,119.9,3308.5388
218.242,97.113,0.034777,13038,12584,28.004,82.696,242.944
414.419,11.568,0.466171,4593,2451,50.0,142.206,2058.8928
51.705,788.782,0.015146,20985,20667,3.097,11.038,83.4736
20.547,810.648,0.008092,26308,26095,4.513,5.223,41.6314
267.837,3.063,0.440215,1620,906,50.0,125.002,1892.9952
17.87,543.501,0.012422,17715,17494,2.018,18.943,60.6246
33.753,960.824,0.001632,30938,30887,0.992,12.91,22.6112
42.546,512.186,0.002074,33082,33013,1.821,5.285,26.3714
499.424,70.533,0.914871,545,46,50.0,188.272,3896.908
203.427,125.493,0.087907,14999,13680,20.944,130.567,459.1122
290.294,74.363,0.033661,12916,12481,26.063,114.499,273.6614
283.778,15.264,0.871178,1551,199,50.0,120.923,3622.4078
379.917,19.811,0.529493,4780,2249,50.0,177.855,2305.5098
21.494,510.327,0.010621,14460,14306,4.244,18.295,54.7406
116.658,154.832,0.154966,2968,2508,27.641,103.583,687.2438
7.494,422.327,0.025759,40228,39191,0.753,9.073,107.8482
14.79,551.145,0.000403,31714,31701,2.088,12.604,10.0488
213.006,252.278,0.127579,13962,12180,34.182,107.635,617.0454
151.114,292.558,0.068667,8896,8285,14.017,105.7,356.2536
406.574,26.744,0.475287,893,468,50.0,195.88,2102.9536
39.913,695.035,0.001493,48917,48843,0.922,3.216,22.5804
11.593,447.093,0.01676,40486,39807,4.906,16.96,75.0692
29.954,763.256,0.000795,47658,47620,4.688,11.027,17.367
34.877,581.51,0.013397,48769,48115,4.434,5.988,68.7364
52.097,517.638,0.008309,5638,5591,1.404,9.992,56.0732
37.8,538.547,0.001042,13787,13772,2.89,12.094,21.7068
119.778,234.586,0.031865,16751,16217,26.044,91.295,193.6302
58.646,478.46,0.004217,35570,35420,1.199,8.992,42.1248
214.069,298.005,0.122714,7293,6398,31.695,149.899,606.4634
97.811,358.297,0.147052,12427,10599,27.65,61.097,639.5518
9.928,803.049,0.006948,43920,43614,3.376,15.394,34.842
47.618,789.539,0.00834,39722,39390,2.621,18.768,56.1608
418.774,19.705,0.688295,1038,323,50.0,140.675,2948.8246
284.979,215.867,0.046614,17526,16709,32.142,91.169,318.6814
30.845,419.584,0.005339,9664,9612,3.745,18.478,37.3896
43.603,523.297,0.024808,11617,11328,3.748,5.4,117.7532
254.403,275.193,0.077394,1902,1754,25.83,71.168,425.5708
17.248,402.084,0.000417,40680,40663,2.293,7.586,10.0844
407.36,19.636,0.827244,4348,751,50.0,122.818,3496.4836
59.878,865.532,0.009735,14867,14722,0.631,8.201,64.5314
41.486,474.775,0.014278,26376,25999,2.427,5.913,74.889
288.928,376.044,0.070317,11290,10496,36.093,123.724,421.584
31.141,729.882,0.00576,18182,18077,3.876,7.98,37.0924
347.721,30.505,0.964085,531,19,50.0,118.834,4019.1952
15.785,769.598,0.014465,33184,32703,1.775,18.483,67.8706
50.598,730.782,0.007818,13137,13034,3.096,6.082,52.7276
32.271,499.242,0.01343,23229,22917,0.574,4.454,67.5192
20.63,775.888,0.001156,26312,26281,4.528,9.344,14.7448
34.229,851.43,0.000821,40342,40308,4.48,17.939,20.5634
16.553,844.858,0.014992,38590,38011,0.878,3.68,67.3252
358.45,1.433,0.576454,118,49,49.687,147.712,2478.7384
221.102,114.309,0.084245,19368,17736,17.7,65.782,438.5772
24.157,458.574,0.01081,7928,7842,4.292,2.302,53.3632
18.37,981.301,0.005666,15157,15071,2.041,1.79,30.37
12.249,614.945,0.010252,22391,22161,0.384,14.834,48.8744
48.085,797.123,0.010657,8832,8737,3.377,10.844,64.0308
21.963,532.311,0.026211,18843,18349,4.056,15.283,116.6858
278.797,23.246,0.436082,4807,2710,50.0,135.991,1883.045
14.275,587.929,0.008443,23132,22936,4.343,2.686,40.0192
46.992,461.326,0.006104,22335,22198,4.506,14.595,46.1318
23.621,815.623,0.00447,39971,39792,2.136,6.333,28.595
22.493,563.174,0.00174,43319,43243,0.77,2.113,16.3798
57.341,444.52,0.002633,40851,40743,5.283,19.561,37.3806
57.033,411.719,0.012659,28052,27696,2.063,7.8,75.0092
13.993,936.695,0.008127,30333,30086,0.388,17.076,41.5204
7.672,996.808,0.006762,29920,29717,0.695,5.055,31.1278
26.861,693.458,0.017324,17116,16819,2.124,7.629,81.5662
39.43,656.32,0.004823,25888,25763,3.876,8.165,36.697
38.883,566.481,0.0038,15182,15124,3.071,7.815,32.3162
36.663,989.599,0.001477,16384,16359,1.247,11.85,22.9432
31.018,503.32,0.004185,31327,31195,0.504,17.791,32.7054
40.458,749.394,0.009401,34060,33739,4.451,1.84,54.1552
49.457,713.638,0.000727,18100,18086,1.829,15.711,25.833
469.81,36.816,0.703293,756,224,50.0,188.099,3038.7158
55.729,757.92,0.001059,6085,6078,1.569,17.192,29.966
44.138,758.484,0.01059,33768,33410,0.495,17.011,63.4174
30.497,787.661,0.001095,43367,43319,4.994,13.922,19.3632
48.888,758.202,0.010996,41736,41277,2.674,4.998,64.5388
180.528,307.661,0.091066,14523,13200,17.802,56.961,447.8674
53.642,864.206,0.006948,8574,8514,3.986,18.074,52.8636
55.047,884.545,0.012676,22617,22330,2.615,17.07,76.1368
48.747,564.075,0.001041,30856,30823,4.579,19.092,27.4812
159.263,196.032,0.124662,5218,4567,27.39,98.67,582.0872
40.281,639.807,0.01789,12559,12334,4.788,5.224,88.7172
14.413,837.476,0.002509,46943,46825,3.585,4.392,16.6796
9.658,940.682,0.020277,14099,13813,1.441,5.368,86.0448
7.766,627.462,0.003604,29846,29738,1.469,19.024,21.3272
56.86,925.821,0.002963,47129,46989,2.863,5.298,35.6556
44.529,855.641,0.01159,19908,19677,4.179,8.679,65.9074
8.524,533.062,0.004325,31256,31120,3.155,10.42,22.7936
282.483,16.454,0.60254,3899,1549,43.156,157.509,2554.655
17.632,676.375,0.003682,12395,12349,0.337,13.204,24.4216
256.014,42.232,0.567408,755,326,39.494,109.933,2394.0242
30.147,957.411,0.027565,41896,40741,5.282,1.465,122.6118
357.947,33.255,0.646992,4750,1676,50.0,155.43,2762.2328
19.093,621.337,0.010699,25444,25171,3.07,18.161,54.0654
5.58,555.243,0.006477,42698,42421,1.161,7.482,29.6364
184.26,151.44,0.154986,14986,12663,20.987,61.232,705.8944
292.033,220.045,0.031106,13836,13405,37.537,117.167,264.6706
6.423,537.355,0.00459,6359,6329,5.062,13.446,23.6184
49.92,663.442,0.015708,43530,42846,3.945,17.221,86.2442
257.285,310.386,0.144744,7515,6427,37.263,93.948,700.6796
38.844,943.514,0.000433,44903,44883,3.027,2.224,17.7144
488.792,43.347,0.830331,4681,794,50.0,175.056,3551.852
298.05,27.508,0.462472,1809,972,50.0,168.497,2002.8074
221.089,254.201,0.097689,15096,13621,29.596,145.762,508.344
36.018,740.018,0.010303,30155,29844,4.138,2.799,56.179
327.578,16.238,0.80174,3769,747,50.0,100.744,3358.14
482.667,42.182,0.753058,697,172,50.0,143.736,3234.046
31.71,633.314,0.005457,35630,35435,4.915,19.614,38.4348
42.422,471.287,0.019407,27222,26693,3.213,7.312,96.0592
197.204,190.286,0.054296,16306,15420,22.537,84.071,312.8798
423.695,78.554,0.719834,2722,762,50.0,156.61,3080.136
39.388,541.723,0.01813,46011,45176,1.682,7.743,89.8238
35.444,733.042,0.012758,40202,39689,3.092,1.703,65.5502
40.549,585.36,0.004959,10906,10851,4.954,6.534,37.3624
23.87,510.348,0.006186,28925,28746,4.51,5.593,35.4106
33.476,948.126,0.000789,19062,19046,5.317,5.712,17.6888
56.192,710.892,0.001305,20182,20155,3.638,13.48,30.3928
204.793,54.94,0.053648,16692,15796,17.61,121.356,320.7804
374.598,69.639,0.408007,2989,1769,50.0,113.777,1804.6226
49.201,730.988,0.016563,36369,35766,3.12,15.383,89.009
90.717,152.082,0.129535,6504,5661,24.83,109.876,576.402
265.711,50.024,0.319511,3548,2414,50.0,159.253,1416.179
48.253,704.574,0.000307,6064,6062,2.268,1.351,20.7994
49.771,461.488,0.009741,47409,46947,3.304,4.752,59.8228
480.434,68.276,0.800639,3847,766,50.0,129.339,3420.5974
9.999,762.522,0.011052,18556,18350,3.373,9.124,50.0324
32.147,605.148,0.002088,35388,35314,3.806,0.635,21.3378
23.747,895.187,0.008158,48068,47675,2.054,9.051,43.941
349.715,14.241,0.975535,3277,80,46.099,185.235,4079.073
18.134,629.783,0.014443,35996,35476,3.707,16.228,68.2712
37.477,419.07,0.002001,41781,41697,1.369,12.998,25.5944
150.33,357.411,0.0498,14246,13536,25.241,145.516,288.4352
32.491,721.632,0.007674,24088,23903,2.471,12.296,46.1516
458.013,41.012,0.642736,3189,1139,50.0,156.306,2785.4104
196.656,384.555,0.0363,14648,14116,27.043,115.207,246.9038
143.791,121.092,0.086313,3998,3652,24.802,85.926,419.9536
40.382,815.988,0.013071,41574,41030,1.896,18.83,72.2028
49.224,597.725,0.002159,43954,43859,1.173,6.413,29.6082
24.902,662.027,0.001454,10154,10139,2.228,6.205,17.0178
49.342,818.576,0.025562,42201,41122,3.311,11.262,124.2372
53.407,648.424,0.00576,46736,46466,5.2,5.476,45.498
207.191,250.501,0.097937,1394,1257,21.096,58.251,486.2746
40.014,772.535,0.006596,13963,13870,3.541,18.068,46.0032
22.78,982.111,0.005024,48100,47858,4.575,9.24,31.056
42.853,770.943,0.003664,48496,48318,3.81,7.698,33.3368
293.479,198.341,0.147725,3320,2829,22.547,80.323,724.3562
219.1,385.588,0.035823,3136,3023,32.779,126.045,256.141
446.689,19.623,0.793932,4757,980,50.0,180.692,3390.542
13.466,721.812,0.001335,41592,41536,4.077,15.134,13.7532
461.085,32.55,0.385202,4255,2615,50.0,136.147,1752.4714
13.689,673.911,0.020696,13645,13362,4.548,6.037,89.467
27.624,410.036,0.009688,37913,37545,4.342,13.481,52.4978
94.41,156.719,0.121363,15603,13709,22.876,92.247,541.6654
56.195,903.506,0.01195,14095,13926,4.356,9.382,72.1544
55.664,506.321,0.005205,30389,30230,3.844,12.123,45.5102
13.908,960.843,0.004188,17864,17789,3.314,11.017,24.5186
17.492,453.732,0.004485,5691,5665,0.175,16.308,28.1984
16.606,796.257,0.00389,5175,5154,2.209,13.787,24.9598
249.017,369.288,0.062854,5238,4908,21.028,121.205,375.2638
274.858,188.913,0.096025,4453,4025,29.182,132.898,520.6228
246.154,97.924,0.04612,1883,1796,33.764,80.199,298.9814
364.284,67.328,0.377652,877,545,50.0,160.966,1688.5148
22.091,408.205,0.00841,12435,12330,2.528,2.349,42.9462
41.877,845.884,0.017364,15126,14863,4.846,13.098,88.8264
260.548,17.552,0.302588,1837,1281,50.0,146.654,1343.902
59.144,677.008,0.004325,15620,15552,4.676,16.025,44.1626
189.372,329.711,0.037963,13673,13153,20.953,147.585,257.1178
47.692,764.758,0.009074,42482,42096,3.446,10.505,57.4738
239.492,160.426,0.093662,12086,10954,18.299,64.93,483.4308
52.525,844.751,0.000175,32366,32360,2.001,3.924,22.4948
24.494,876.962,0.001647,24659,24618,3.665,16.957,19.777
55.828,738.695,0.007149,46105,45775,2.139,8.795,52.6862
29.786,769.805,0.003289,28887,28791,4.336,19.173,28.905
179.419,382.754,0.051914,1725,1635,29.527,141.335,307.6906
37.758,981.352,0.003215,34527,34415,2.831,7.116,29.3864
30.791,778.831,0.01038,9862,9759,1.86,9.038,55.644
241.549,256.054,0.048422,6395,6085,23.343,51.058,300.5192
101.993,346.578,0.077625,6379,5883,28.622,120.674,375.432
462.461,33.204,0.425705,3549,2038,50.0,191.083,1926.021
180.887,109.92,0.043596,6068,5803,25.607,105.276,267.794
453.195,66.197,0.550576,1461,656,50.0,181.187,2419.8194
15.262,426.77,0.008379,41978,41626,0.461,15.045,42.6298
10.076,654.145,0.020542,46753,45792,5.0,3.232,86.8448
31.243,539.508,0.016647,31781,31251,1.601,0.109,79.107
392.358,66.707,0.335646,74,49,49.982,184.763,1536.4798
33.205,698.366,0.000535,29294,29278,1.897,0.914,15.6048
120.016,356.737,0.108378,3415,3044,30.483,69.827,495.4838
412.817,43.092,0.924801,3656,274,50.0,135.299,3891.3906
188.253,100.355,0.119351,14969,13182,28.721,60.329,564.771
54.04,901.437,0.0047,19453,19361,2.982,5.459,41.5078
466.146,62.998,0.736806,3724,980,50.0,179.516,3169.5856
338.81,3.734,0.9144,2201,188,50.0,185.341,3830.1922
37.234,710.646,0.019892,23644,23173,4.003,11.182,96.698
31.812,841.916,0.015872,46399,45662,5.101,17.365,79.6858
52.337,976.335,0.010746,13942,13792,5.403,14.647,66.8482
40.955,914.931,0.01919,41221,40429,2.79,12.735,95.689
13.851,907.609,7.2e-05,7617,7616,0.907,6.453,7.119
13.694,649.373,0.007742,25926,25725,3.808,17.216,39.8888
12.612,550.002,0.016441,13170,12953,1.551,15.262,73.8612
37.841,452.812,0.00249,6204,6188,2.112,7.038,26.504
38.002,796.318,0.006634,24372,24210,1.677,8.371,43.411
303.161,37.868,0.822547,4589,814,50.0,195.182,3450.4888
49.592,928.85,0.000179,31982,31976,4.507,17.281,24.009
58.986,906.61,0.001102,45063,45013,2.489,7.172,29.4368
53.406,733.475,0.011231,31635,31279,2.977,15.163,69.319
80.777,317.889,0.030835,688,666,21.199,99.347,175.5202
260.297,68.383,0.065252,17949,16777,22.688,118.351,388.797
44.734,776.848,0.002183,19237,19195,0.881,2.009,27.0274
37.061,608.485,0.016667,34803,34222,5.019,11.498,83.792
44.11,935.424,0.00758,8720,8653,4.468,16.047,51.1734
29.371,895.494,0.00388,17316,17248,2.502,18.269,30.9222
403.722,13.395,0.571681,4181,1790,50.0,151.889,2478.5906
252.973,52.327,0.992492,1232,9,50.0,122.758,4095.7088
49.725,924.484,0.015144,32918,32419,4.19,1.9,80.846
308.68,44.546,0.999483,2949,1,50.0,135.704,4148.5448
384.983,20.695,0.88256,2499,293,50.0,198.695,3723.9722
47.675,674.318,0.001414,5551,5543,0.536,4.215,25.569
370.294,24.776,0.616662,2777,1064,50.0,147.523,2644.2702
34.493,983.869,0.00439,45535,45335,4.772,7.233,32.8038
323.762,41.506,0.461124,347,186,50.0,162.113,2006.4234
41.417,477.371,0.018559,47171,46295,4.372,16.264,94.0556
12.748,430.363,0.010731,25494,25220,1.077,3.187,48.6606
31.335,526.422,0.007465,15559,15442,0.987,10.253,44.4446
195.644,236.233,0.073774,4800,4445,33.25,97.952,392.944
25.691,672.187,0.002772,42197,42080,3.238,17.667,24.8978
13.158,826.694,0.018912,24584,24119,1.432,19.814,84.874
42.984,787.542,0.01008,25067,24814,3.75,7.38,58.9896
266.262,20.77,0.698932,1877,565,50.0,172.89,2936.8108
193.6,389.383,0.078194,13945,12854,30.533,81.94,406.604
294.891,18.703,0.751748,2951,732,50.0,129.452,3150.8388
319.945,42.223,0.944315,3319,184,50.0,120.513,3929.3406
49.48,437.538,0.001744,22193,22154,3.848,9.79,28.726
59.687,676.759,0.00998,11435,11320,1.584,11.612,66.1172
12.27,442.497,0.006672,13986,13892,2.036,16.267,34.8494
24.734,531.291,0.015242,7805,7686,3.59,10.358,72.9332
47.917,860.544,0.000183,25018,25013,4.043,14.187,22.7362
17.637,940.764,0.008756,9872,9785,3.599,5.607,43.2002
303.189,67.255,0.496918,1332,670,50.0,156.308,2140.2092
265.033,216.487,0.113828,16610,14719,31.694,89.637,579.2526
40.903,761.381,7.4e-05,24974,24972,3.031,6.386,17.9344
42.339,431.419,0.010795,41566,41117,3.815,5.683,61.2522
39.111,592.416,0.001539,41140,41076,1.162,5.663,22.933
218.375,395.516,0.05566,9910,9358,24.46,134.78,336.946
51.756,877.407,0.005103,23585,23464,2.206,11.559,43.4262
14.126,584.567,0.009743,13149,13020,2.485,6.082,45.8388
55.666,479.603,0.009385,12563,12445,4.361,11.246,62.0556
276.908,33.993,0.366139,4666,2957,50.0,135.546,1602.4284
18.09,801.387,0.005942,42423,42170,3.062,4.86,31.976
438.097,30.804,0.380557,506,313,50.0,155.312,1728.5292
41.856,897.375,0.008002,47337,46958,3.771,10.17,50.7844
42.683,979.5,0.000385,34036,34022,4.577,18.23,22.2592
297.957,358.044,0.039028,15001,14415,29.091,53.286,285.952
140.863,161.702,0.096173,9466,8555,14.332,145.83,470.2032
59.756,909.634,0.004604,24663,24549,1.852,17.17,45.7524
58.012,402.603,0.009716,43346,42924,2.995,10.167,64.1022
38.754,772.679,0.013963,12430,12256,2.317,10.805,73.5146
41.396,570.073,0.001146,36566,36524,1.267,16.607,24.4638
430.628,36.912,0.85434,2574,374,50.0,142.879,3618.187
474.252,31.249,0.515827,439,212,50.0,104.866,2273.982
32.755,473.897,0.006085,46964,46678,1.606,10.695,39.581
31.418,458.192,0.001958,36035,35964,4.533,6.167,21.6326
451.347,79.12,0.695918,4378,1331,50.0,123.384,2988.8876
59.549,638.472,0.002275,16712,16673,2.447,11.098,35.1392
42.494,730.059,0.017074,33734,33158,4.413,16.626,88.6188
351.126,15.784,0.511072,312,152,50.0,138.999,2212.5382
370.547,47.829,0.887641,3124,351,50.0,184.244,3735.6316
401.714,32.144,0.331489,200,133,50.0,118.051,1510.2518
58.285,955.261,0.020748,18292,17912,4.372,1.323,106.5706
49.756,823.593,0.003018,13778,13736,2.063,4.771,32.9286
53.093,925.957,0.001489,48549,48476,5.05,3.311,27.8554
453.283,49.34,0.783464,3245,702,50.0,108.764,3336.922
177.63,58.727,0.065463,16342,15272,28.53,102.363,353.3766
58.555,697.722,0.003618,10172,10135,2.739,19.902,41.8744
22.701,928.834,0.004443,21268,21173,1.595,19.272,30.7068
16.649,514.014,0.007186,20898,20747,3.645,14.075,38.2186
16.833,611.737,0.000616,47877,47847,3.531,5.715,10.3402
141.023,252.913,0.041341,8424,8075,22.149,56.834,233.14
56.176,648.938,0.006215,10348,10283,2.436,0.564,47.4432
15.376,635.051,0.005375,20685,20573,2.628,2.255,28.1014
38.232,701.102,0.003553,47170,47002,1.786,3.005,30.1058
420.55,75.499,0.609805,91,35,50.0,151.735,2637.787
52.339,827.125,0.013657,45905,45278,4.095,13.732,78.31
21.711,996.351,0.000817,45528,45490,1.346,10.451,14.0426
19.287,616.184,0.004092,31985,31854,0.799,17.347,27.5522
38.821,961.743,0.018291,43924,43120,0.556,11.956,91.0836
420.16,31.534,0.713237,878,251,50.0,115.378,3044.0876
36.439,456.572,0.010937,43152,42680,1.614,5.125,59.3486
210.893,325.558,0.043382,1674,1601,17.407,79.929,273.871
334.954,44.36,0.424979,186,106,47.959,126.179,1859.1334
304.314,39.479,0.994673,4538,24,43.588,136.873,4127.7922
31.344,640.97,0.009628,9816,9721,4.81,6.442,52.338
425.198,69.884,0.805086,2579,502,50.0,100.79,3410.5812
50.834,883.72,0.005339,25516,25379,3.387,11.468,43.9832
82.372,208.912,0.106338,12064,10781,28.33,129.822,484.2652
55.461,472.815,0.001737,41629,41556,3.532,19.001,32.9326
20.932,973.99,0.003451,24492,24407,2.477,13.772,24.9312
6.578,910.572,0.00402,27304,27194,1.464,11.923,21.0958
53.186,887.888,0.005552,41907,41674,2.95,4.865,44.4554
25.642,964.882,0.002051,20915,20872,0.766,15.45,21.5508
29.938,900.466,0.002619,49796,49665,3.54,12.183,24.8878
284.668,268.137,0.067435,13106,12222,26.34,68.579,397.323
20.556,946.802,0.014141,34200,33716,2.64,5.929,65.9722
55.406,694.72,0.00433,25944,25831,3.893,14.191,42.3206
6.945,881.869,0.007987,21270,21100,2.151,14.406,37.6072
289.651,66.236,0.92612,271,20,50.0,133.773,3847.095
20.146,937.29,0.013593,24801,24463,3.587,16.486,65.7276
165.269,352.684,0.04161,19973,19141,30.701,83.329,249.2134
5.376,630.145,0.008453,43172,42807,3.668,0.229,36.0082
192.965,70.743,0.043609,836,799,29.739,128.237,277.2694
112.548,206.95,0.128764,1316,1146,18.719,99.942,580.0636
245.698,316.31,0.055995,12716,12003,24.189,98.623,341.9838
348.239,6.663,0.913729,2448,211,50.0,172.409,3828.6934
17.651,741.874,0.002774,27122,27046,1.463,16.432,21.4428
334.956,33.532,0.780034,3314,728,50.0,169.052,3287.9288
52.382,670.042,0.006888,20679,20536,1.897,1.55,48.8148
19.077,619.812,0.017227,18679,18357,3.47,18.568,80.2524
37.094,502.307,0.007112,14684,14579,4.479,4.844,44.2544
29.738,622.646,0.008484,7591,7526,4.665,3.763,46.5838
34.119,860.105,0.020815,8664,8483,4.161,18.956,100.6988
29.726,588.42,0.001933,34616,34549,1.839,5.3,20.6824
146.606,268.131,0.079342,16628,15308,28.185,70.193,390.049
8.06,479.167,0.004765,49090,48856,4.115,14.466,25.1772
10.385,791.287,0.004531,31634,31490,2.532,4.275,23.133
269.241,368.898,0.095929,8237,7446,26.579,61.356,503.6836
52.604,971.105,0.0105,41803,41364,3.053,9.899,65.0214
322.694,39.0,0.640271,4851,1745,50.0,193.528,2728.8672
268.417,95.468,0.06746,15801,14735,31.63,57.571,388.721
40.382,641.966,0.003126,34366,34258,0.844,9.969,30.6506
318.582,67.813,0.316182,4375,2991,50.0,168.068,1425.7744
44.322,787.594,0.017099,45981,45194,1.641,15.291,89.183
49.591,560.083,0.019204,35847,35158,1.608,16.332,99.9188
220.569,295.216,0.095892,8245,7454,33.181,88.847,489.565
270.266,66.456,0.761678,3729,888,50.0,126.932,3180.2048
139.97,144.614,0.11933,15609,13746,27.462,124.909,558.2898
270.977,50.864,0.44242,1176,655,49.744,198.531,1917.777
30.468,807.733,0.015804,36638,36058,0.827,8.32,77.0672
6.444,957.451,0.016181,25249,24840,4.672,7.02,68.7056
33.587,820.508,0.010933,30844,30506,0.71,11.356,59.438
108.204,178.244,0.091019,11682,10618,18.022,92.815,425.9206
16.593,777.709,0.00183,18472,18438,2.855,14.055,16.7682
171.089,166.827,0.097288,2722,2457,19.71,100.669,477.7214
109.901,316.796,0.081537,11251,10333,20.369,88.478,387.804
12.707,996.09,0.002509,26015,25949,1.312,17.525,18.6238
18.724,461.676,0.009642,20514,20316,4.51,19.524,49.9624
165.816,141.919,0.073588,15206,14087,20.931,81.569,376.9922
37.104,878.053,0.010568,42910,42456,3.259,14.428,59.9992
27.186,868.31,0.006168,18154,18042,4.457,4.99,36.5444
40.537,423.485,0.008471,23539,23339,2.342,15.489,53.1966
252.803,21.86,0.608461,1467,574,42.808,103.444,2555.654
10.237,977.663,0.004645,47984,47761,0.737,17.322,26.1392
25.416,589.25,0.017925,38497,37806,1.655,4.442,82.7548
417.574,37.14,0.62295,686,258,50.0,124.229,2683.6754
13.557,852.662,0.001923,32788,32724,2.564,8.841,14.883
34.377,944.157,0.006107,33089,32886,1.022,9.234,40.0256
29.778,665.633,0.011421,11503,11371,5.036,4.156,58.4264
227.313,308.778,0.079413,3699,3405,32.806,67.617,422.1006
46.893,834.583,0.007631,26821,26616,1.985,18.18,52.9172
135.947,256.318,0.073915,10870,10066,22.712,97.485,369.5358
492.096,70.867,0.446466,676,374,50.0,179.1,2018.5224
191.471,186.985,0.075897,11001,10166,15.802,109.046,401.9856
43.681,429.206,0.011904,19238,19008,4.209,15.521,68.1926
46.385,753.744,0.00974,10521,10418,1.705,12.02,59.918
38.831,836.346,0.012238,47161,46583,5.208,1.217,64.7278
292.697,262.035,0.08861,8353,7612,24.695,88.469,489.2126
206.429,227.782,0.049776,18723,17791,28.31,129.243,307.5242
31.014,644.236,0.000832,31941,31914,2.645,14.582,18.65
360.774,22.19,0.361971,1366,871,50.0,157.199,1623.6334
23.71,576.1,0.016406,22261,21895,5.097,15.239,78.1558
297.444,233.855,0.048606,6230,5927,30.988,121.025,337.6066
172.308,158.331,0.097107,4352,3929,31.586,146.043,486.5598
14.894,478.683,0.011599,22691,22427,4.169,11.107,54.575
53.1,479.794,0.020464,30759,30129,3.175,14.557,106.0074
193.247,197.41,0.031476,10871,10528,22.217,89.03,221.0088
164.297,281.234,0.121128,11807,10376,14.301,76.44,565.5188
22.242,791.808,0.008575,34156,33863,4.127,18.775,46.9518
26.843,461.387,0.005096,29525,29374,3.076,11.875,33.4962
47.09,662.606,0.003778,39961,39810,1.57,14.935,36.935
24.962,714.29,0.002718,15479,15436,2.143,7.612,22.3792
275.621,86.086,0.071988,7376,6845,25.199,69.255,412.0514
41.943,624.052,0.015101,9196,9057,2.11,11.766,79.5344
11.68,437.002,0.015956,31252,30753,1.978,12.606,71.0172
45.359,979.284,0.001734,36686,36622,2.778,16.515,28.3826
18.958,583.992,0.002951,48206,48063,0.785,4.595,20.3062
210.621,149.306,0.06315,4658,4363,19.654,113.983,359.645
472.127,38.1,0.612315,3035,1176,50.0,140.275,2666.1658
43.582,498.3,0.016163,21990,21634,1.271,2.539,82.5926
195.87,92.948,0.073212,10076,9338,23.833,86.815,388.559
280.154,187.541,0.152851,8215,6959,24.956,135.942,750.654
143.626,62.364,0.093258,18971,17201,17.39,112.93,453.0684
52.619,599.155,0.001954,33818,33751,4.999,7.733,30.4102
11.595,494.569,0.005256,7643,7602,1.191,17.131,29.0882
11.319,567.141,0.003173,45745,45599,3.181,12.854,19.7904
157.687,209.574,0.047563,5529,5266,16.109,61.692,265.6652
121.92,351.678,0.113197,4766,4226,19.722,70.661,515.6882
134.264,164.554,0.107011,666,594,20.069,54.422,492.634
10.368,476.766,0.001652,16997,16968,4.838,17.992,14.3536
111.984,210.314,0.149268,17126,14569,17.225,120.545,665.9746
87.362,63.253,0.073668,3123,2892,12.21,123.129,354.2426
5.438,520.403,0.01003,35403,35047,1.896,19.437,46.1826
263.442,372.798,0.066619,4948,4618,27.802,112.72,394.3968
27.822,960.549,0.009087,48249,47810,2.726,2.972,48.0712
25.526,770.701,0.007723,36972,36686,0.334,10.644,43.2312
18.262,794.263,0.001073,13743,13728,0.404,10.92,13.7808
57.833,767.469,0.0126,15010,14820,2.711,6.248,74.7828
363.577,11.724,0.597984,3385,1360,46.954,106.219,2558.6106
290.735,62.359,0.499455,1272,636,42.48,149.085,2143.931
34.788,672.447,0.011146,6226,6156,3.447,7.282,59.9556
116.77,162.912,0.040393,9395,9015,24.547,118.835,232.047
10.414,780.249,0.014398,6897,6797,0.334,15.923,64.9422
36.717,432.489,0.012045,37930,37473,2.104,17.208,66.3084
151.263,52.146,0.096551,1454,1313,29.204,69.402,460.5896
418.761,17.293,0.78772,4293,911,50.0,171.641,3352.7126
36.138,691.203,0.010088,35119,34764,0.443,18.589,58.525
52.758,714.891,0.007551,48898,48528,4.893,10.382,53.3836
36.238,464.38,0.02163,40605,39726,2.984,17.785,104.5722
335.407,36.784,0.71966,140,39,50.0,113.373,3035.4774
5.696,652.035,0.007065,35129,34880,3.594,8.71,32.2804
11.361,939.703,0.008437,39073,38743,4.741,10.769,40.4462
11.189,489.785,0.006618,11566,11489,4.737,11.254,33.1984
229.503,371.476,0.099534,3425,3084,28.13,111.149,512.167
141.003,71.836,0.1012,7075,6359,24.256,67.844,474.77
57.895,469.642,0.022066,34840,34071,4.5,10.422,113.5064
328.963,5.081,0.925014,3427,256,50.0,111.694,3853.98
98.67,271.477,0.126665,19929,17404,14.703,88.877,563.9034
51.766,760.247,0.001983,29285,29226,0.862,12.951,31.2286
477.836,30.872,0.444125,2394,1330,50.0,106.998,1989.034
9.509,568.37,0.008906,9941,9852,4.556,16.992,42.826
49.254,574.272,0.002371,33991,33910,3.772,14.947,32.175
40.994,533.352,0.002351,12718,12688,2.763,17.328,29.2672
59.787,717.469,0.014062,40190,39624,4.352,15.372,83.2372
39.886,900.716,0.018962,20639,20247,0.688,1.724,92.1472
187.949,202.62,0.07802,18198,16778,18.914,88.442,404.948
32.376,765.401,0.006396,28456,28273,3.841,5.907,39.7158
34.666,867.176,0.020461,25153,24638,1.544,4.817,96.6738
44.382,966.163,0.000874,7746,7739,2.022,6.202,22.4892
7.526,640.555,0.007438,25361,25172,1.712,11.062,34.9748
23.587,991.166,0.011007,47836,47309,1.061,17.795,57.0218
42.967,674.101,0.00882,28524,28272,3.304,19.854,56.4376
16.769,896.771,0.003014,12158,12121,3.246,11.737,21.111
58.808,787.528,0.002337,29618,29548,0.989,19.283,36.7278
48.274,546.141,0.001354,41320,41264,1.519,4.319,25.5894
37.054,965.604,0.007683,39989,39681,1.8,16.946,48.9428
12.091,630.13,0.013274,24542,24216,4.863,9.119,59.7562
8.207,770.16,0.004601,10107,10060,4.805,19.212,25.5292
294.75,56.999,0.667833,3969,1318,50.0,149.479,2819.1278
47.623,952.313,0.020199,26302,25770,5.467,9.567,101.7586
192.293,346.673,0.15715,2240,1887,14.632,106.003,726.7178
11.884,581.695,0.006984,43053,42752,0.89,13.175,35.3246
164.214,183.548,0.061213,6667,6258,24.319,134.333,337.4042
35.053,850.213,0.005954,48795,48504,0.442,11.66,40.1692
19.919,446.732,0.004701,16753,16674,1.315,10.315,28.8346
17.815,607.854,0.00645,5095,5062,3.973,7.525,34.431
405.674,51.694,0.613828,3583,1383,48.182,128.801,2643.3418
55.084,847.103,0.005701,20081,19966,3.586,7.046,46.2468
46.134,712.561,0.010443,13194,13056,4.1,13.24,62.8736
22.383,988.402,0.024079,7348,7171,3.009,0.003,105.2698
44.569,845.17,0.011095,48531,47992,5.05,12.463,64.7002
468.438,24.446,0.816464,4104,753,50.0,183.43,3489.9172
228.176,87.564,0.099992,10798,9718,18.881,61.032,503.4448
20.846,580.691,0.000675,34957,34933,0.522,16.734,14.3852
140.257,315.143,0.044897,8483,8102,30.526,54.07,246.5048
462.149,35.129,0.591025,63,25,50.0,180.915,2585.1426
267.395,27.064,0.581156,1356,567,50.0,139.327,2459.4474
476.802,38.209,0.404025,1056,629,50.0,130.041,1832.829
34.622,607.074,0.006822,26088,25910,4.694,19.615,45.0598
325.16,31.624,0.386084,1154,708,50.0,199.882,1714.3764
5.775,602.267,0.002657,45039,44919,4.338,17.941,16.5262
15.965,412.228,0.004446,41960,41773,4.898,9.301,26.0302
101.05,176.665,0.088809,7319,6669,15.581,69.372,409.5304
202.867,54.348,0.106192,3473,3104,15.462,116.904,529.2956
47.406,558.794,0.002271,6984,6968,2.964,12.543,30.555
299.871,48.46,0.370633,3417,2150,50.0,149.373,1632.355
51.6,885.332,0.000937,30082,30053,3.932,3.456,25.0792
32.922,463.846,0.004366,18035,17956,1.093,15.25,33.6828
51.824,441.113,0.000703,10372,10364,2.614,11.673,25.8762
55.964,902.48,0.004856,48152,47918,3.506,10.084,43.8264
36.205,447.254,0.006001,39911,39671,4.191,2.568,38.9996
56.022,662.87,0.016895,44903,44144,4.557,14.196,92.828
36.365,516.793,0.016007,41035,40378,1.762,19.782,82.5304
59.213,712.751,0.00772,43775,43437,4.991,18.232,58.2116
389.815,23.593,0.567019,795,344,50.0,141.111,2452.2242
27.394,690.676,0.0082,15418,15291,0.602,14.191,46.5958
58.158,785.017,0.011249,16092,15910,1.281,10.931,70.4454
282.699,15.171,0.672788,3075,1006,48.744,142.954,2832.8224
12.935,761.478,0.003452,39034,38899,2.414,12.125,21.407
185.24,307.31,0.042805,9733,9316,18.235,91.45,263.606
42.465,545.163,0.006906,36102,35852,3.359,6.995,46.009
